symbol,zeitrahmen,zeitstempel,auffaelligkeit,kennzahl,urteil,open,high,low,close,volumen,median_nachbarn
AUDJPY,H_4,2008-10-28 13:00:00,spanne ueber grenze,0.73,,59.99,64.81,58.83,64.73,1438,59.26000
AUS200,H_4,2020-03-13 01:00:00,spanne ueber grenze,5.97,,4929.8,5461.9,4869.9,5381.9,35314,5179.10000
CHFJPY,H_1,2015-01-15 09:00:00,spanne ueber grenze,5.87,,115.13,157.493,114.972,134.484,7078,122.14800
CHFJPY,H_1,2015-01-15 10:00:00,spanne ueber grenze,7.65,,134.088,142.674,128.947,131.504,10850,132.53500
CHFJPY,H_4,2015-01-15 06:00:00,spanne ueber grenze,5.55,,115.381,157.493,114.972,134.484,23616,121.72900
CHFJPY,H_4,2015-01-15 10:00:00,spanne ueber grenze,5.91,,134.088,142.674,128.947,133.688,41068,134.70850
EURCHF,H_1,2015-01-15 09:00:00,"spanne ueber grenze, vom umfeld nicht gestuetzt",25.25,,1.20095,1.20096,0.83196,1.01657,3602,1.11292
EURCHF,H_4,2011-09-06 05:00:00,spanne ueber grenze,4.39,,1.10302,1.21886,1.1029,1.20256,9334,1.15355
EURCHF,H_4,2015-01-15 06:00:00,"spanne ueber grenze, vom umfeld nicht gestuetzt",24.97,,1.20096,1.20098,0.83196,1.01657,4678,1.10889
GBPCHF,H_1,2015-01-15 09:00:00,"spanne ueber grenze, vom umfeld nicht gestuetzt",26.24,,1.55385,1.55437,1.06317,1.31857,6760,1.44138
GBPCHF,H_1,2015-01-15 10:00:00,spanne ueber grenze,6.91,,1.32182,1.37518,1.24635,1.34821,10356,1.33883
GBPCHF,H_4,2015-01-15 06:00:00,"spanne ueber grenze, vom umfeld nicht gestuetzt",25.95,,1.55424,1.55463,1.06317,1.31857,17108,1.43573
GBPCHF,H_4,2015-01-15 10:00:00,spanne ueber grenze,5.38,,1.32182,1.37518,1.24635,1.33154,36762,1.31718
GBPJPY,H_1,2016-06-24 02:00:00,spanne ueber grenze,4.89,,150.774,151.766,134.962,137.898,20716,141.90400
GBPJPY,H_4,2016-06-24 01:00:00,spanne ueber grenze,7.05,,152.668,152.97,133.228,135.436,73224,143.33900
GBPUSD,H_4,2016-06-24 01:00:00,spanne ueber grenze,5.31,,1.45267,1.45787,1.3228,1.3381,72698,1.39694
JPN225,H_4,2025-04-09 17:00:00,spanne ueber grenze,0.96,,31924.5,35097.0,31744.5,35002.0,49824,32052.35000
NAS100,H_4,2025-04-07 13:00:00,spanne ueber grenze,3.73,,16997.4,18185.8,16506.1,17084.1,110618,17145.85000
NAS100,H_4,2025-04-09 17:00:00,spanne ueber grenze,0.57,,17366.8,19219.6,17260.6,19188.6,104104,17359.40000
USDCHF,H_1,2015-01-15 09:00:00,"spanne ueber grenze, vom umfeld nicht gestuetzt",25.02,,1.02126,1.02199,0.70994,0.86633,6420,0.94685
USDCHF,H_4,2015-01-15 06:00:00,"spanne ueber grenze, vom umfeld nicht gestuetzt",24.62,,1.02059,1.02203,0.70994,0.86633,16768,0.94186
XAGUSD,H_1,2011-05-01 21:00:00,spanne ueber grenze,8.12,,47.89,48.16,42.19,43.45,4734,45.92000
XAGUSD,H_1,2013-05-19 21:00:00,spanne ueber grenze,7.36,,22.333,22.389,20.278,21.085,7716,21.88800
XAGUSD,H_1,2017-07-06 23:00:00,spanne ueber grenze,10.19,,16.066,16.142,14.302,15.82,3622,15.92450
XAGUSD,H_1,2020-03-16 12:00:00,spanne ueber grenze,9.55,,12.113,12.848,11.485,11.485,6888,12.69750
XAGUSD,H_1,2020-07-28 07:00:00,spanne ueber grenze,6.38,,24.452,24.521,22.275,23.203,10244,23.79200
XAGUSD,H_1,2021-08-08 22:00:00,spanne ueber grenze,7.95,,24.326,24.356,22.139,23.051,6596,24.05100
XAGUSD,H_1,2026-01-29 15:00:00,spanne ueber grenze,7.12,,119.28,119.28,106.688,109.775,15713,114.87050
XAGUSD,H_1,2026-01-30 09:00:00,spanne ueber grenze,6.59,,103.894,104.744,95.043,97.893,14714,101.74800
XAGUSD,H_1,2026-01-30 17:00:00,spanne ueber grenze,3.08,,93.922,94.156,84.4,85.367,15680,87.08100
XAGUSD,H_1,2026-01-30 18:00:00,spanne ueber grenze,11.94,,85.377,87.023,73.654,83.486,14782,83.64200
XAGUSD,H_1,2026-02-05 02:00:00,spanne ueber grenze,9.60,,86.656,86.777,73.993,74.385,14659,81.85500
XAGUSD,H_1,2026-02-12 16:00:00,spanne ueber grenze,4.94,,82.376,82.54,74.926,76.264,15252,78.81700
XAGUSD,H_4,2007-08-15 21:00:00,spanne ueber grenze,7.56,,12.49,12.57,11.06,11.78,7380,11.96500
XAGUSD,H_4,2008-03-18 21:00:00,spanne ueber grenze,1.67,,19.67,20.1,18.2,18.33,8452,18.51000
XAGUSD,H_4,2008-03-19 21:00:00,spanne ueber grenze,7.89,,18.32,18.35,16.64,16.74,10614,18.06500
XAGUSD,H_4,2008-08-14 21:00:00,spanne ueber grenze,11.31,,14.16,14.19,12.11,12.75,14842,13.65500
XAGUSD,H_4,2008-09-16 21:00:00,spanne ueber grenze,6.85,,10.49,12.09,10.4,11.95,13406,11.16500
XAGUSD,H_4,2008-09-17 21:00:00,spanne ueber grenze,5.09,,11.94,13.0,11.69,11.93,20612,12.37000
XAGUSD,H_4,2008-09-29 21:00:00,spanne ueber grenze,4.60,,13.11,13.21,11.73,12.01,10616,12.29500
XAGUSD,H_4,2008-10-01 21:00:00,spanne ueber grenze,6.94,,12.54,12.55,10.8,10.82,10764,11.60500
XAGUSD,H_4,2008-10-09 21:00:00,spanne ueber grenze,12.41,,12.08,12.3,9.35,10.05,17194,10.67500
XAGUSD,H_4,2008-10-14 21:00:00,spanne ueber grenze,4.68,,10.95,11.08,10.01,10.27,9214,10.58500
XAGUSD,H_4,2008-10-15 21:00:00,spanne ueber grenze,2.64,,10.28,10.32,9.23,9.68,12276,9.48000
XAGUSD,H_4,2008-10-23 21:00:00,spanne ueber grenze,6.42,,9.67,9.8,8.67,9.34,12210,9.26500
XAGUSD,H_4,2008-10-27 21:00:00,spanne ueber grenze,9.00,,9.01,9.29,8.44,9.19,10494,9.27500
XAGUSD,H_4,2008-10-28 21:00:00,spanne ueber grenze,2.64,,9.2,10.15,9.03,9.77,10744,9.27500
XAGUSD,H_4,2008-10-29 21:00:00,spanne ueber grenze,5.77,,9.87,10.64,9.58,9.71,9936,10.06000
XAGUSD,H_4,2008-11-23 22:00:00,spanne ueber grenze,5.86,,9.64,10.66,9.49,10.53,9290,10.07000
XAGUSD,H_4,2008-11-30 22:00:00,spanne ueber grenze,2.95,,10.28,10.29,9.2,9.26,6952,9.48000
XAGUSD,H_4,2009-01-04 22:00:00,spanne ueber grenze,2.18,,11.58,11.73,10.55,11.23,8520,10.78500
XAGUSD,H_4,2011-05-01 21:00:00,spanne ueber grenze,9.44,,47.89,48.16,42.19,44.91,19812,46.59000
XAGUSD,H_4,2011-09-23 13:00:00,spanne ueber grenze,4.92,,33.22,33.37,29.77,30.77,20422,31.31000
XAGUSD,H_4,2011-09-26 01:00:00,spanne ueber grenze,12.56,,30.33,30.33,26.07,26.08,10460,29.81500
XAGUSD,H_4,2011-09-26 05:00:00,spanne ueber grenze,12.66,,26.07,30.02,26.04,28.32,17718,29.81500
XAGUSD,H_4,2012-02-29 14:00:00,spanne ueber grenze,5.07,,37.38,37.43,33.97,34.76,16918,35.78500
XAGUSD,H_4,2013-05-19 21:00:00,spanne ueber grenze,8.69,,22.333,22.389,20.278,21.674,22064,22.20850
XAGUSD,H_4,2014-12-01 06:00:00,spanne ueber grenze,5.14,,14.87,16.35,14.86,15.95,2990,15.66500
XAGUSD,H_4,2017-07-06 21:00:00,spanne ueber grenze,9.96,,16.02,16.17,14.302,15.831,6126,15.88400
XAGUSD,H_4,2020-03-16 09:00:00,spanne ueber grenze,13.60,,13.834,13.876,11.485,11.485,25570,13.29300
XAGUSD,H_4,2020-07-28 05:00:00,spanne ueber grenze,7.25,,24.733,24.873,22.275,23.874,27752,24.01550
XAGUSD,H_4,2020-09-21 13:00:00,spanne ueber grenze,6.43,,26.039,26.127,23.695,24.327,60737,25.32200
XAGUSD,H_4,2021-08-08 21:00:00,spanne ueber grenze,7.80,,24.326,24.356,22.139,23.754,21050,24.01300
XAGUSD,H_4,2025-12-28 22:00:00,spanne ueber grenze,10.18,,81.492,83.591,75.164,76.936,30288,75.86550
XAGUSD,H_4,2026-01-26 18:00:00,spanne ueber grenze,4.92,,117.133,117.711,101.868,103.648,59682,107.13750
XAGUSD,H_4,2026-01-29 14:00:00,spanne ueber grenze,4.85,,119.274,121.615,106.688,114.632,61777,112.13200
XAGUSD,H_4,2026-01-30 06:00:00,spanne ueber grenze,6.51,,109.979,110.895,95.043,97.893,56644,101.65950
XAGUSD,H_4,2026-01-30 14:00:00,spanne ueber grenze,3.38,,97.962,101.57,84.4,85.367,62024,87.35350
XAGUSD,H_4,2026-01-30 18:00:00,spanne ueber grenze,10.21,,85.377,87.023,73.654,85.039,55539,82.03200
XAGUSD,H_4,2026-02-01 22:00:00,spanne ueber grenze,1.40,,80.721,87.898,76.806,84.794,41414,77.89450
XAGUSD,H_4,2026-02-02 02:00:00,spanne ueber grenze,7.08,,84.793,84.929,72.694,76.343,56356,78.23500
XAGUSD,H_4,2026-02-02 06:00:00,spanne ueber grenze,8.83,,76.335,82.574,71.324,81.944,55568,78.23500
XAGUSD,H_4,2026-02-05 02:00:00,spanne ueber grenze,8.21,,86.656,86.777,73.485,77.324,51930,80.06000
XAGUSD,H_4,2026-02-05 18:00:00,spanne ueber grenze,3.77,,76.619,77.838,70.644,70.886,44839,73.41300
XAGUSD,H_4,2026-02-05 22:00:00,spanne ueber grenze,12.77,,70.264,71.339,64.038,70.888,39409,73.41300
XAGUSD,H_4,2026-02-12 14:00:00,spanne ueber grenze,5.24,,83.033,83.488,74.926,75.537,55038,79.06700
XAGUSD,H_4,2026-03-23 09:00:00,spanne ueber grenze,5.51,,64.387,69.702,63.179,69.391,54395,66.86300
XAUUSD,H_4,2008-09-16 21:00:00,spanne ueber grenze,3.03,,776.9,868.1,773.8,863.5,21636,798.00000
XAUUSD,H_4,2008-10-09 21:00:00,spanne ueber grenze,0.21,,912.0,931.1,826.6,849.6,35818,828.30000
XPDUSD,H_1,2018-08-23 00:00:00,spanne ueber grenze,8.37,,849.68,894.68,804.48,891.68,395,877.93000
XPDUSD,H_1,2018-08-23 07:00:00,spanne ueber grenze,10.65,,821.08,895.48,783.28,803.28,963,876.68000
XPDUSD,H_1,2018-08-23 08:00:00,spanne ueber grenze,7.78,,797.28,891.28,797.28,890.98,111,864.58000
XPDUSD,H_1,2018-08-23 11:00:00,spanne ueber grenze,5.22,,889.48,895.68,810.98,893.88,787,855.63000
XPDUSD,H_1,2018-08-23 12:00:00,spanne ueber grenze,6.70,,893.98,897.88,798.28,867.68,1203,855.63000
XPDUSD,H_1,2018-08-29 14:00:00,"spanne ueber grenze, vom umfeld nicht gestuetzt",35.64,,855.98,913.88,574.78,877.58,3241,893.08000
XPDUSD,H_1,2018-08-29 15:00:00,spanne ueber grenze,6.48,,880.48,930.78,841.08,930.78,1255,899.38000
XPDUSD,H_1,2018-08-30 00:00:00,spanne ueber grenze,8.41,,887.68,930.28,833.68,928.58,265,910.28000
XPDUSD,H_1,2018-09-11 00:00:00,spanne ueber grenze,9.72,,902.98,948.58,850.78,947.28,351,942.38000
XPDUSD,H_1,2018-09-11 09:00:00,"spanne ueber grenze, vom umfeld nicht gestuetzt",16.63,,835.48,950.48,778.08,943.78,391,933.28000
XPDUSD,H_1,2018-09-12 07:00:00,spanne ueber grenze,12.01,,969.88,972.28,824.58,970.38,506,937.18000
XPDUSD,H_1,2018-09-12 08:00:00,spanne ueber grenze,9.08,,970.58,971.78,852.08,970.68,464,937.18000
XPDUSD,H_1,2018-09-13 12:00:00,"spanne ueber grenze, vom umfeld nicht gestuetzt",24.94,,977.18,981.68,709.18,978.08,748,944.78000
XPDUSD,H_1,2018-09-14 12:00:00,spanne ueber grenze,9.72,,982.18,984.38,862.08,982.98,576,954.88000
XPDUSD,H_1,2018-09-14 14:00:00,spanne ueber grenze,7.05,,888.68,985.88,888.68,982.98,695,956.08000
XPDUSD,H_1,2020-03-12 15:00:00,spanne ueber grenze,13.70,,1987.75,1992.57,1645.44,1737.89,2956,1906.76000
XPDUSD,H_1,2020-03-12 16:00:00,spanne ueber grenze,6.93,,1744.48,1997.78,1743.35,1973.97,1031,1873.07000
XPDUSD,H_1,2020-03-16 09:00:00,spanne ueber grenze,3.56,,1788.55,1788.55,1625.03,1690.25,1378,1685.02500
XPDUSD,H_1,2020-03-25 14:00:00,spanne ueber grenze,5.69,,2019.5,2263.77,2017.19,2247.54,3423,2138.88000
XPDUSD,H_1,2020-04-21 09:00:00,spanne ueber grenze,8.07,,2080.28,2091.19,1809.41,1912.58,2072,1968.30000
XPDUSD,H_1,2021-11-26 08:00:00,spanne ueber grenze,10.18,,1853.06,1854.67,1652.86,1780.46,1212,1840.29000
XPDUSD,H_1,2021-11-26 18:00:00,spanne ueber grenze,15.83,,1751.33,1755.96,1478.64,1745.77,481,1756.75000
XPDUSD,H_1,2022-03-07 13:00:00,spanne ueber grenze,7.97,,3216.63,3243.12,2816.78,2993.35,14266,3060.60000
XPDUSD,H_1,2022-03-14 13:00:00,spanne ueber grenze,5.20,,2548.31,2559.59,2320.26,2376.25,5866,2447.65500
XPDUSD,H_1,2022-04-25 12:00:00,spanne ueber grenze,6.37,,2255.48,2258.98,2052.29,2121.25,6021,2191.88500
XPDUSD,H_4,2018-08-22 21:00:00,spanne ueber grenze,6.07,,850.58,894.68,804.48,891.68,443,856.48000
XPDUSD,H_4,2018-08-23 05:00:00,spanne ueber grenze,8.55,,890.38,897.48,783.28,890.98,1777,856.48000
XPDUSD,H_4,2018-08-23 09:00:00,spanne ueber grenze,6.80,,890.98,897.88,798.28,867.68,2653,856.48000
XPDUSD,H_4,2018-08-29 13:00:00,"spanne ueber grenze, vom umfeld nicht gestuetzt",34.67,,915.38,930.78,574.78,919.18,6069,879.78000
XPDUSD,H_4,2018-08-29 21:00:00,spanne ueber grenze,4.63,,887.68,930.28,833.68,928.58,265,874.13000
XPDUSD,H_4,2018-09-10 21:00:00,spanne ueber grenze,4.24,,902.98,948.58,850.78,947.28,351,888.43000
XPDUSD,H_4,2018-09-11 09:00:00,spanne ueber grenze,15.72,,835.48,950.48,778.08,943.78,391,923.18000
XPDUSD,H_4,2018-09-12 05:00:00,spanne ueber grenze,10.59,,969.88,973.08,824.58,970.68,1573,922.28000
XPDUSD,H_4,2018-09-13 09:00:00,"spanne ueber grenze, vom umfeld nicht gestuetzt",23.75,,975.18,981.68,709.18,978.08,2310,930.08000
XPDUSD,H_4,2018-09-14 09:00:00,spanne ueber grenze,10.23,,980.68,984.38,862.08,982.98,1572,960.33000
XPDUSD,H_4,2018-09-14 13:00:00,spanne ueber grenze,8.69,,983.08,986.48,888.68,976.48,2700,973.28000
XPDUSD,H_4,2020-03-12 13:00:00,spanne ueber grenze,17.31,,2119.07,2141.47,1645.44,1973.97,8105,1989.95000
XPDUSD,H_4,2020-03-13 13:00:00,spanne ueber grenze,11.01,,1898.56,1914.69,1592.66,1593.24,8062,1789.68000
XPDUSD,H_4,2020-03-13 17:00:00,spanne ueber grenze,7.88,,1607.39,1790.73,1607.39,1790.46,63,1744.92500
XPDUSD,H_4,2020-03-16 09:00:00,spanne ueber grenze,2.30,,1788.55,1788.55,1561.82,1566.95,5060,1598.60000
XPDUSD,H_4,2020-03-16 13:00:00,spanne ueber grenze,7.01,,1566.97,1697.43,1483.3,1682.59,11461,1595.07500
XPDUSD,H_4,2020-03-17 13:00:00,spanne ueber grenze,3.42,,1538.83,1712.34,1525.56,1677.82,4587,1579.53000
XPDUSD,H_4,2020-03-25 13:00:00,spanne ueber grenze,5.71,,2009.54,2413.03,2007.6,2334.84,13695,2129.27500
XPDUSD,H_4,2020-04-21 09:00:00,spanne ueber grenze,9.52,,2080.28,2091.19,1809.41,1864.84,11051,1999.88000
XPDUSD,H_4,2021-11-26 06:00:00,spanne ueber grenze,8.66,,1871.98,1880.19,1652.86,1802.1,3872,1809.65000
XPDUSD,H_4,2021-11-26 14:00:00,spanne ueber grenze,8.55,,1790.04,1800.84,1612.91,1751.37,7749,1763.68000
XPDUSD,H_4,2021-11-26 18:00:00,spanne ueber grenze,16.16,,1751.33,1755.96,1478.64,1745.77,481,1763.68000
XPDUSD,H_4,2022-03-07 10:00:00,spanne ueber grenze,4.23,,3329.34,3421.29,2816.78,2993.35,25838,2941.30500
XPDUSD,H_4,2022-03-08 06:00:00,spanne ueber grenze,2.06,,3047.91,3199.25,2870.35,3005.6,8604,2930.57500
XPDUSD,H_4,2022-03-11 10:00:00,spanne ueber grenze,4.59,,2941.19,2950.46,2682.05,2754.75,26004,2811.08000
XPDUSD,H_4,2022-03-14 13:00:00,spanne ueber grenze,5.35,,2548.31,2559.59,2306.49,2413.99,13216,2436.81000
XPDUSD,H_4,2022-03-28 05:00:00,spanne ueber grenze,4.31,,2372.75,2373.92,2143.84,2250.72,14427,2240.48500
XPDUSD,H_4,2022-03-29 09:00:00,spanne ueber grenze,6.42,,2191.08,2227.19,2022.19,2059.38,20348,2160.97500
XPDUSD,H_4,2022-04-25 09:00:00,spanne ueber grenze,7.27,,2289.1,2301.6,2052.29,2121.25,10486,2213.27000
XPDUSD,H_4,2025-12-28 22:00:00,spanne ueber grenze,0.09,,1951.08,1983.09,1749.15,1793.33,19384,1750.65000
XPDUSD,H_4,2026-01-26 18:00:00,spanne ueber grenze,2.36,,2158.26,2163.31,1945.25,1957.6,34748,1992.20500
XPDUSD,H_4,2026-01-29 14:00:00,spanne ueber grenze,2.24,,2095.95,2139.14,1925.7,2002.78,35544,1969.79000
XPDUSD,H_4,2026-01-30 06:00:00,spanne ueber grenze,5.98,,1911.51,1923.7,1707.88,1780.05,22656,1816.46500
XPTUSD,H_1,2020-03-16 10:00:00,spanne ueber grenze,16.43,,712.67,714.53,561.63,601.75,5808,672.04000
XPTUSD,H_1,2020-03-17 08:00:00,spanne ueber grenze,6.13,,663.83,664.03,600.55,647.46,4392,639.76000
XPTUSD,H_1,2026-01-29 15:00:00,spanne ueber grenze,5.88,,2765.81,2769.57,2495.47,2544.0,11790,2651.42000
XPTUSD,H_1,2026-01-30 09:00:00,spanne ueber grenze,7.53,,2342.98,2358.86,2142.62,2250.01,8332,2317.00000
XPTUSD,H_4,2020-03-16 09:00:00,spanne ueber grenze,19.57,,729.93,732.15,561.63,631.34,20421,698.29500
XPTUSD,H_4,2020-03-17 05:00:00,spanne ueber grenze,7.90,,679.27,681.53,600.55,647.46,12209,652.07500
XPTUSD,H_4,2020-03-17 13:00:00,spanne ueber grenze,3.02,,635.36,716.35,632.35,664.77,22120,652.07500
XPTUSD,H_4,2025-12-31 02:00:00,spanne ueber grenze,6.70,,2104.22,2124.27,1922.37,1930.91,16819,2060.48500
XPTUSD,H_4,2026-01-26 18:00:00,spanne ueber grenze,4.58,,2872.63,2880.34,2554.18,2579.63,43941,2676.85500
XPTUSD,H_4,2026-01-29 14:00:00,spanne ueber grenze,3.19,,2788.74,2819.03,2495.47,2598.3,45548,2577.81500
XPTUSD,H_4,2026-01-30 06:00:00,spanne ueber grenze,6.66,,2501.34,2520.84,2142.62,2250.01,33859,2295.50000
XPTUSD,H_4,2026-01-30 14:00:00,spanne ueber grenze,1.71,,2296.76,2325.15,2100.16,2111.5,35951,2285.99500
XPTUSD,H_4,2026-02-02 02:00:00,spanne ueber grenze,8.70,,2090.37,2120.42,1903.67,1957.26,36218,2085.11000
